start,status,timestamp,temp1,temp2,temp3,temp4,temp5,temp6,temp7,temp8,humid1,humid2,humid3,humid4,humid5,humid6,humid7,humid8,tempcomb,humidcomb,wind,raina,rain,stop
$1,1,2018-12-12 00:01:57.093024,,,,,,,,,,,,,,,,,0.5,79,0.0,2746,0,0
$1,1,2018-12-12 00:04:29.616980,,,,,,,,,,,,,,,,,0.6,79,0.0,2746,0,0
$1,1,2018-12-12 00:07:02.171862,,,,,,,,,,,,,,,,,0.6,79,0.0,2746,0,0
$1,1,2018-12-12 00:09:34.641659,,,,,,,,,,,,,,,,,0.7,80,0.0,2746,0,0
$1,1,2018-12-12 00:12:07.191990,,,,,,,,,,,,,,,,,0.6,79,0.0,2746,0,0
$1,1,2018-12-12 00:14:39.653785,,,,,,,,,,,,,,,,,0.7,79,0.0,2746,0,0
$1,1,2018-12-12 00:17:12.262700,,,,,,,,,,,,,,,,,0.7,79,0.0,2746,0,0
$1,1,2018-12-12 00:19:44.722358,,,,,,,,,,,,,,,,,0.7,79,0.0,2746,0,0
$1,1,2018-12-12 00:22:17.221138,,,,,,,,,,,,,,,,,0.7,79,0.0,2746,0,0
$1,1,2018-12-12 00:24:49.691874,,,,,,,,,,,,,,,,,0.6,79,0.0,2746,0,0
$1,1,2018-12-12 00:27:22.223511,,,,,,,,,,,,,,,,,0.7,79,0.0,2746,0,0
$1,1,2018-12-12 00:32:27.259210,,,,,,,,,,,,,,,,,0.7,79,0.0,2746,0,0
$1,1,2018-12-12 00:34:59.761805,,,,,,,,,,,,,,,,,0.7,79,0.0,2746,0,0
$1,1,2018-12-12 00:37:32.269735,,,,,,,,,,,,,,,,,0.7,79,0.0,2746,0,0
$1,1,2018-12-12 00:40:04.762266,,,,,,,,,,,,,,,,,0.7,79,0.0,2746,0,0
$1,1,2018-12-12 00:42:37.303420,,,,,,,,,,,,,,,,,0.7,79,0.0,2746,0,0
$1,1,2018-12-12 00:45:09.880490,,,,,,,,,,,,,,,,,0.7,79,0.0,2746,0,0
$1,1,2018-12-12 00:47:42.327515,,,,,,,,,,,,,,,,,0.7,79,0.0,2746,0,0
$1,1,2018-12-12 00:50:14.830464,,,,,,,,,,,,,,,,,0.8,79,0.0,2746,0,0
$1,1,2018-12-12 00:52:47.372084,,,,,,,,,,,,,,,,,0.8,79,0.0,2746,0,0
$1,1,2018-12-12 00:57:52.354011,,,,,,,,,,,,,,,,,0.8,79,0.0,2746,0,0
$1,1,2018-12-12 01:00:24.870211,,,,,,,,,,,,,,,,,0.8,79,0.0,2746,0,0
$1,1,2018-12-12 01:02:57.383280,,,,,,,,,,,,,,,,,0.8,79,0.0,2746,0,0
$1,1,2018-12-12 01:05:29.864522,,,,,,,,,,,,,,,,,0.8,79,0.0,2746,0,0
$1,1,2018-12-12 01:08:02.381710,,,,,,,,,,,,,,,,,0.9,79,0.0,2746,0,0
$1,1,2018-12-12 01:13:07.416754,,,,,,,,,,,,,,,,,0.9,79,0.0,2746,0,0
$1,1,2018-12-12 01:15:39.955478,,,,,,,,,,,,,,,,,0.9,79,0.0,2746,0,0
$1,1,2018-12-12 01:18:12.425514,,,,,,,,,,,,,,,,,0.9,79,0.0,2746,0,0
$1,1,2018-12-12 01:20:44.965955,,,,,,,,,,,,,,,,,0.9,79,0.0,2746,0,0
$1,1,2018-12-12 01:23:17.462411,,,,,,,,,,,,,,,,,0.9,79,0.0,2746,0,0
$1,1,2018-12-12 01:25:49.954529,,,,,,,,,,,,,,,,,0.9,79,0.0,2746,0,0
$1,1,2018-12-12 01:28:22.537108,,,,,,,,,,,,,,,,,0.9,79,0.0,2746,0,0
$1,1,2018-12-12 01:30:54.996837,,,,,,,,,,,,,,,,,0.9,79,0.0,2746,0,0
$1,1,2018-12-12 01:33:27.515123,,,,,,,,,,,,,,,,,0.9,79,0.0,2746,0,0
$1,1,2018-12-12 01:36:00.056477,,,,,,,,,,,,,,,,,0.9,79,0.0,2746,0,0
$1,1,2018-12-12 01:38:32.519358,,,,,,,,,,,,,,,,,0.9,79,0.0,2746,0,0
$1,1,2018-12-12 01:41:05.025651,,,,,,,,,,,,,,,,,0.9,79,0.0,2746,0,0
$1,1,2018-12-12 01:43:37.553518,,,,,,,,,,,,,,,,,1.0,80,0.0,2746,0,0
$1,1,2018-12-12 01:46:10.180717,,,,,,,,,,,,,,,,,0.9,79,0.0,2746,0,0
$1,1,2018-12-12 01:48:42.600649,,,,,,,,,,,,,,,,,0.9,79,0.0,2746,0,0
$1,1,2018-12-12 01:53:47.594761,,,,,,,,,,,,,,,,,0.9,79,0.0,2746,0,0
$1,1,2018-12-12 01:56:20.112672,,,,,,,,,,,,,,,,,1.0,80,0.0,2746,0,0
$1,1,2018-12-12 01:58:52.679997,,,,,,,,,,,,,,,,,1.0,80,0.0,2746,0,0
$1,1,2018-12-12 02:01:25.144969,,,,,,,,,,,,,,,,,0.9,79,0.0,2746,0,0
$1,1,2018-12-12 02:03:57.717651,,,,,,,,,,,,,,,,,1.0,80,0.0,2746,0,0
$1,1,2018-12-12 02:06:30.131193,,,,,,,,,,,,,,,,,1.0,80,0.0,2746,0,0
$1,1,2018-12-12 02:09:02.682077,,,,,,,,,,,,,,,,,1.0,80,0.0,2746,0,0
$1,1,2018-12-12 02:11:35.201815,,,,,,,,,,,,,,,,,1.0,80,0.0,2746,0,0
$1,1,2018-12-12 02:14:07.693917,,,,,,,,,,,,,,,,,1.0,80,0.0,2746,0,0
$1,1,2018-12-12 02:16:40.213680,,,,,,,,,,,,,,,,,1.0,80,0.0,2746,0,0
$1,1,2018-12-12 02:19:12.770567,,,,,,,,,,,,,,,,,1.1,80,0.0,2746,0,0
$1,1,2018-12-12 02:21:45.198735,,,,,,,,,,,,,,,,,1.1,80,0.0,2746,0,0
$1,1,2018-12-12 02:24:17.750419,,,,,,,,,,,,,,,,,1.0,80,0.0,2746,0,0
$1,1,2018-12-12 02:26:50.262614,,,,,,,,,,,,,,,,,1.1,79,0.0,2746,0,0
$1,1,2018-12-12 02:29:22.723533,,,,,,,,,,,,,,,,,1.1,80,0.0,2746,0,0
$1,1,2018-12-12 02:34:27.767660,,,,,,,,,,,,,,,,,1.1,79,0.0,2746,0,0
$1,1,2018-12-12 02:37:00.262667,,,,,,,,,,,,,,,,,1.1,79,0.0,2746,0,0
$1,1,2018-12-12 02:39:32.802166,,,,,,,,,,,,,,,,,1.1,80,0.0,2746,0,0
$1,1,2018-12-12 02:42:05.306996,,,,,,,,,,,,,,,,,1.1,79,0.0,2746,0,0
$1,1,2018-12-12 02:44:37.802183,,,,,,,,,,,,,,,,,1.1,79,0.0,2746,0,0
$1,1,2018-12-12 02:47:10.306115,,,,,,,,,,,,,,,,,1.1,79,0.0,2746,0,0
$1,1,2018-12-12 02:49:42.954192,,,,,,,,,,,,,,,,,1.1,79,0.0,2746,0,0
$1,1,2018-12-12 02:52:15.409480,,,,,,,,,,,,,,,,,1.0,79,0.0,2746,0,0
$1,1,2018-12-12 02:54:47.844287,,,,,,,,,,,,,,,,,1.0,79,0.0,2746,0,0
$1,1,2018-12-12 02:57:20.353850,,,,,,,,,,,,,,,,,1.0,80,0.0,2746,0,0
$1,1,2018-12-12 02:59:52.880827,,,,,,,,,,,,,,,,,1.0,79,0.0,2746,0,0
$1,1,2018-12-12 03:02:25.374496,,,,,,,,,,,,,,,,,1.0,79,0.0,2746,0,0
$1,1,2018-12-12 03:04:57.901521,,,,,,,,,,,,,,,,,0.9,79,0.0,2746,0,0
$1,1,2018-12-12 03:07:30.392380,,,,,,,,,,,,,,,,,1.0,79,0.0,2746,0,0
$1,1,2018-12-12 03:10:02.962412,,,,,,,,,,,,,,,,,1.0,79,0.0,2746,0,0
$1,1,2018-12-12 03:15:07.921555,,,,,,,,,,,,,,,,,0.9,79,0.0,2746,0,0
$1,1,2018-12-12 03:17:40.448224,,,,,,,,,,,,,,,,,0.9,79,0.0,2746,0,0
$1,1,2018-12-12 03:20:12.959232,,,,,,,,,,,,,,,,,0.9,79,0.0,2746,0,0
$1,1,2018-12-12 03:22:45.454991,,,,,,,,,,,,,,,,,0.9,79,0.0,2746,0,0
$1,1,2018-12-12 03:25:17.969035,,,,,,,,,,,,,,,,,0.9,79,0.0,2746,0,0
$1,1,2018-12-12 03:27:50.479849,,,,,,,,,,,,,,,,,0.9,79,0.0,2746,0,0
$1,1,2018-12-12 03:30:23.020045,,,,,,,,,,,,,,,,,0.9,79,0.0,2746,0,0
$1,1,2018-12-12 03:32:55.509024,,,,,,,,,,,,,,,,,0.9,79,0.0,2746,0,0
$1,1,2018-12-12 03:35:28.028228,,,,,,,,,,,,,,,,,0.8,79,0.0,2746,0,0
$1,1,2018-12-12 03:38:00.539764,,,,,,,,,,,,,,,,,0.8,79,0.0,2746,0,0
$1,1,2018-12-12 03:40:33.046566,,,,,,,,,,,,,,,,,0.8,79,0.0,2746,0,0
$1,1,2018-12-12 03:43:05.575981,,,,,,,,,,,,,,,,,0.8,79,0.0,2746,0,0
$1,1,2018-12-12 03:45:38.055642,,,,,,,,,,,,,,,,,0.8,79,0.0,2746,0,0
$1,1,2018-12-12 03:48:10.626307,,,,,,,,,,,,,,,,,0.8,79,0.0,2746,0,0
$1,1,2018-12-12 03:50:43.117543,,,,,,,,,,,,,,,,,0.8,79,0.0,2746,0,0
$1,1,2018-12-12 03:55:48.186185,,,,,,,,,,,,,,,,,0.8,79,0.0,2746,0,0
$1,1,2018-12-12 03:58:20.626263,,,,,,,,,,,,,,,,,0.8,79,0.0,2746,0,0
$1,1,2018-12-12 04:00:53.123948,,,,,,,,,,,,,,,,,0.8,79,0.0,2746,0,0
$1,1,2018-12-12 04:03:25.629545,,,,,,,,,,,,,,,,,0.8,79,0.0,2746,0,0
$1,1,2018-12-12 04:08:30.689104,,,,,,,,,,,,,,,,,0.8,79,0.0,2746,0,0
$1,1,2018-12-12 04:11:03.188669,,,,,,,,,,,,,,,,,0.8,79,0.0,2746,0,0
$1,1,2018-12-12 04:13:35.706017,,,,,,,,,,,,,,,,,0.8,79,0.0,2746,0,0
$1,1,2018-12-12 04:16:08.192307,,,,,,,,,,,,,,,,,0.8,79,0.0,2746,0,0
$1,1,2018-12-12 04:18:40.779283,,,,,,,,,,,,,,,,,0.8,79,0.0,2746,0,0
$1,1,2018-12-12 04:21:13.218466,,,,,,,,,,,,,,,,,0.8,79,0.0,2746,0,0
$1,1,2018-12-12 04:23:45.728459,,,,,,,,,,,,,,,,,0.7,79,0.0,2746,0,0
$1,1,2018-12-12 04:26:18.234680,,,,,,,,,,,,,,,,,0.8,79,0.0,2746,0,0
$1,1,2018-12-12 04:28:50.831298,,,,,,,,,,,,,,,,,0.8,79,0.0,2746,0,0
$1,1,2018-12-12 04:31:23.268637,,,,,,,,,,,,,,,,,0.8,79,0.0,2746,0,0
$1,1,2018-12-12 04:36:28.303810,,,,,,,,,,,,,,,,,0.8,79,0.0,2746,0,0
$1,1,2018-12-12 04:39:00.781737,,,,,,,,,,,,,,,,,0.8,79,0.0,2746,0,0
$1,1,2018-12-12 04:41:33.308879,,,,,,,,,,,,,,,,,0.8,79,0.0,2746,0,0
$1,1,2018-12-12 04:44:05.823659,,,,,,,,,,,,,,,,,0.8,79,0.0,2746,0,0
$1,1,2018-12-12 04:46:38.361947,,,,,,,,,,,,,,,,,0.7,79,0.0,2746,0,0
$1,1,2018-12-12 04:49:10.841332,,,,,,,,,,,,,,,,,0.7,79,0.0,2746,0,0
$1,1,2018-12-12 04:51:43.416199,,,,,,,,,,,,,,,,,0.7,79,0.0,2746,0,0
$1,1,2018-12-12 04:54:15.869814,,,,,,,,,,,,,,,,,0.7,79,0.0,2746,0,0
$1,1,2018-12-12 04:56:48.363741,,,,,,,,,,,,,,,,,0.7,79,0.0,2746,0,0
$1,1,2018-12-12 04:59:20.880161,,,,,,,,,,,,,,,,,0.7,79,0.0,2746,0,0
$1,1,2018-12-12 05:01:53.380468,,,,,,,,,,,,,,,,,0.7,79,0.0,2746,0,0
$1,1,2018-12-12 05:04:25.904979,,,,,,,,,,,,,,,,,0.7,79,0.0,2746,0,0
$1,1,2018-12-12 05:06:58.424904,,,,,,,,,,,,,,,,,0.7,79,0.0,2746,0,0
$1,1,2018-12-12 05:09:30.935855,,,,,,,,,,,,,,,,,0.7,79,0.0,2746,0,0
$1,1,2018-12-12 05:12:03.494415,,,,,,,,,,,,,,,,,0.7,79,0.0,2746,0,0
$1,1,2018-12-12 05:17:08.498292,,,,,,,,,,,,,,,,,0.7,79,0.0,2746,0,0
$1,1,2018-12-12 05:19:40.965221,,,,,,,,,,,,,,,,,0.7,79,0.0,2746,0,0
$1,1,2018-12-12 05:22:13.491912,,,,,,,,,,,,,,,,,0.7,79,0.0,2746,0,0
$1,1,2018-12-12 05:24:46.018677,,,,,,,,,,,,,,,,,0.7,79,0.0,2746,0,0
$1,1,2018-12-12 05:27:18.501101,,,,,,,,,,,,,,,,,0.7,79,0.0,2746,0,0
$1,1,2018-12-12 05:29:51.001970,,,,,,,,,,,,,,,,,0.7,79,0.0,2746,0,0
$1,1,2018-12-12 05:32:23.525955,,,,,,,,,,,,,,,,,0.7,79,0.0,2746,0,0
$1,1,2018-12-12 05:34:56.166367,,,,,,,,,,,,,,,,,0.7,79,0.0,2746,0,0
$1,1,2018-12-12 05:37:28.552136,,,,,,,,,,,,,,,,,0.7,79,0.0,2746,0,0
$1,1,2018-12-12 05:40:01.053112,,,,,,,,,,,,,,,,,0.7,79,0.0,2746,0,0
$1,1,2018-12-12 05:42:33.608326,,,,,,,,,,,,,,,,,0.7,79,0.0,2746,0,0
$1,1,2018-12-12 05:45:06.118321,,,,,,,,,,,,,,,,,0.7,79,0.0,2746,0,0
$1,1,2018-12-12 05:47:38.633698,,,,,,,,,,,,,,,,,0.7,79,0.0,2746,0,0
$1,1,2018-12-12 05:50:11.121789,,,,,,,,,,,,,,,,,0.7,79,0.0,2746,0,0
$1,1,2018-12-12 05:52:43.622553,,,,,,,,,,,,,,,,,0.7,79,0.0,2746,0,0
$1,1,2018-12-12 05:57:48.628804,,,,,,,,,,,,,,,,,0.8,79,0.0,2746,0,0
$1,1,2018-12-12 06:00:21.142517,,,,,,,,,,,,,,,,,0.8,79,0.0,2746,0,0
$1,1,2018-12-12 06:02:53.693384,,,,,,,,,,,,,,,,,0.8,79,0.0,2746,0,0
$1,1,2018-12-12 06:05:26.152426,,,,,,,,,,,,,,,,,0.8,79,0.0,2746,0,0
$1,1,2018-12-12 06:07:58.712571,,,,,,,,,,,,,,,,,0.8,79,0.0,2746,0,0
$1,1,2018-12-12 06:10:31.187445,,,,,,,,,,,,,,,,,0.8,79,0.0,2746,0,0
$1,1,2018-12-12 06:13:03.697045,,,,,,,,,,,,,,,,,0.8,79,0.0,2746,0,0
$1,1,2018-12-12 06:15:36.207288,,,,,,,,,,,,,,,,,0.8,79,0.0,2746,0,0
$1,1,2018-12-12 06:18:08.753428,,,,,,,,,,,,,,,,,0.8,79,0.0,2746,0,0
$1,1,2018-12-12 06:20:41.277915,,,,,,,,,,,,,,,,,0.9,79,0.0,2746,0,0
$1,1,2018-12-12 06:23:13.740879,,,,,,,,,,,,,,,,,0.8,79,0.0,2746,0,0
$1,1,2018-12-12 06:25:46.257788,,,,,,,,,,,,,,,,,0.9,79,0.0,2746,0,0
$1,1,2018-12-12 06:28:18.799208,,,,,,,,,,,,,,,,,0.9,79,0.0,2746,0,0
$1,1,2018-12-12 06:30:51.290149,,,,,,,,,,,,,,,,,0.9,79,0.0,2746,0,0
$1,1,2018-12-12 06:33:23.785834,,,,,,,,,,,,,,,,,0.9,79,0.0,2746,0,0
$1,1,2018-12-12 06:38:28.907711,,,,,,,,,,,,,,,,,0.9,79,0.0,2746,0,0
$1,1,2018-12-12 06:41:01.312790,,,,,,,,,,,,,,,,,0.9,79,0.0,2746,0,0
$1,1,2018-12-12 06:43:33.823990,,,,,,,,,,,,,,,,,0.9,79,0.0,2746,0,0
$1,1,2018-12-12 06:46:06.376625,,,,,,,,,,,,,,,,,0.9,79,0.0,2746,0,0
$1,1,2018-12-12 06:48:38.872111,,,,,,,,,,,,,,,,,0.9,79,0.0,2746,0,0
$1,1,2018-12-12 06:51:11.363830,,,,,,,,,,,,,,,,,0.9,79,0.0,2746,0,0
$1,1,2018-12-12 06:53:43.869068,,,,,,,,,,,,,,,,,0.9,79,0.0,2746,0,0
$1,1,2018-12-12 06:56:16.440854,,,,,,,,,,,,,,,,,0.9,79,0.0,2746,0,0
$1,1,2018-12-12 06:58:48.901471,,,,,,,,,,,,,,,,,0.9,79,0.0,2746,0,0
$1,1,2018-12-12 07:01:21.399527,,,,,,,,,,,,,,,,,0.9,79,0.0,2746,0,0
$1,1,2018-12-12 07:03:53.949334,,,,,,,,,,,,,,,,,0.9,79,0.0,2746,0,0
$1,1,2018-12-12 07:06:26.413281,,,,,,,,,,,,,,,,,0.9,79,0.0,2746,0,0
$1,1,2018-12-12 07:08:58.941621,,,,,,,,,,,,,,,,,0.9,79,0.0,2746,0,0
$1,1,2018-12-12 07:11:31.494498,,,,,,,,,,,,,,,,,0.9,79,0.0,2746,0,0
$1,1,2018-12-12 07:14:04.055964,,,,,,,,,,,,,,,,,0.9,79,0.0,2746,0,0
$1,1,2018-12-12 07:19:08.989644,,,,,,,,,,,,,,,,,0.9,79,0.0,2746,0,0
$1,1,2018-12-12 07:21:41.538798,,,,,,,,,,,,,,,,,0.9,79,0.0,2746,0,0
$1,1,2018-12-12 07:24:14.058412,,,,,,,,,,,,,,,,,0.8,79,0.0,2746,0,0
$1,1,2018-12-12 07:26:46.523463,,,,,,,,,,,,,,,,,0.9,79,0.0,2746,0,0
$1,1,2018-12-12 07:29:19.028745,,,,,,,,,,,,,,,,,0.9,79,0.0,2746,0,0
$1,1,2018-12-12 07:31:51.540397,,,,,,,,,,,,,,,,,0.9,79,0.0,2746,0,0
$1,1,2018-12-12 07:34:24.079784,,,,,,,,,,,,,,,,,0.9,79,0.0,2746,0,0
$1,1,2018-12-12 07:36:56.588381,,,,,,,,,,,,,,,,,0.9,79,0.0,2746,0,0
$1,1,2018-12-12 07:39:29.067606,,,,,,,,,,,,,,,,,0.9,79,0.0,2746,0,0
$1,1,2018-12-12 07:42:01.575956,,,,,,,,,,,,,,,,,0.9,79,0.0,2746,0,0
$1,1,2018-12-12 07:44:34.081277,,,,,,,,,,,,,,,,,0.9,79,0.0,2746,0,0
$1,1,2018-12-12 07:47:06.627418,,,,,,,,,,,,,,,,,0.9,79,0.0,2746,0,0
$1,1,2018-12-12 07:49:39.132268,,,,,,,,,,,,,,,,,0.9,79,0.0,2746,0,0
$1,1,2018-12-12 07:52:11.631237,,,,,,,,,,,,,,,,,1.0,79,0.0,2746,0,0
$1,1,2018-12-12 07:54:44.175353,,,,,,,,,,,,,,,,,1.0,79,0.0,2746,0,0
$1,1,2018-12-12 07:59:49.184099,,,,,,,,,,,,,,,,,0.9,79,0.0,2746,0,0
$1,1,2018-12-12 08:02:21.663038,,,,,,,,,,,,,,,,,0.9,79,0.0,2746,0,0
$1,1,2018-12-12 08:04:54.184754,,,,,,,,,,,,,,,,,0.9,79,0.0,2746,0,0
$1,1,2018-12-12 08:07:26.696183,,,,,,,,,,,,,,,,,0.9,79,0.0,2746,0,0
$1,1,2018-12-12 08:09:59.200069,,,,,,,,,,,,,,,,,0.9,79,0.0,2746,0,0
$1,1,2018-12-12 08:12:31.854891,,,,,,,,,,,,,,,,,0.9,79,0.0,2746,0,0
$1,1,2018-12-12 08:15:04.230492,,,,,,,,,,,,,,,,,0.9,79,0.0,2746,0,0
$1,1,2018-12-12 08:17:36.732265,,,,,,,,,,,,,,,,,0.8,79,0.0,2746,0,0
$1,1,2018-12-12 08:20:09.244488,,,,,,,,,,,,,,,,,0.9,79,0.0,2746,0,0
$1,1,2018-12-12 08:22:41.749599,,,,,,,,,,,,,,,,,0.9,79,0.0,2746,0,0
$1,1,2018-12-12 08:25:14.275355,,,,,,,,,,,,,,,,,0.9,79,0.0,2746,0,0
$1,1,2018-12-12 08:27:46.780995,,,,,,,,,,,,,,,,,0.9,79,0.0,2746,0,0
$1,1,2018-12-12 08:30:19.281683,,,,,,,,,,,,,,,,,1.0,79,0.0,2746,0,0
$1,1,2018-12-12 08:32:51.792324,,,,,,,,,,,,,,,,,1.0,79,0.0,2746,0,0
$1,1,2018-12-12 08:35:24.298773,,,,,,,,,,,,,,,,,1.0,79,0.0,2746,0,0
$1,1,2018-12-12 08:40:29.322661,,,,,,,,,,,,,,,,,1.0,79,0.0,2746,0,0
$1,1,2018-12-12 08:43:01.834416,,,,,,,,,,,,,,,,,1.1,79,0.0,2746,0,0
$1,1,2018-12-12 08:45:34.347556,,,,,,,,,,,,,,,,,1.1,79,0.0,2746,0,0
$1,1,2018-12-12 08:48:06.889081,,,,,,,,,,,,,,,,,1.1,79,0.0,2746,0,0
$1,1,2018-12-12 08:50:39.408514,,,,,,,,,,,,,,,,,1.1,79,0.0,2746,0,0
$1,1,2018-12-12 08:53:11.900407,,,,,,,,,,,,,,,,,1.1,79,0.0,2746,0,0
$1,1,2018-12-12 08:55:44.386147,,,,,,,,,,,,,,,,,1.1,79,0.0,2746,0,0
$1,1,2018-12-12 08:58:16.916590,,,,,,,,,,,,,,,,,1.1,79,0.0,2746,0,0
$1,1,2018-12-12 09:00:49.437444,,,,,,,,,,,,,,,,,1.1,79,0.0,2746,0,0
$1,1,2018-12-12 09:03:21.967420,,,,,,,,,,,,,,,,,1.0,79,0.0,2746,0,0
$1,1,2018-12-12 09:05:54.426153,,,,,,,,,,,,,,,,,1.1,79,0.0,2746,0,0
$1,1,2018-12-12 09:08:27.013132,,,,,,,,,,,,,,,,,1.1,79,0.0,2746,0,0
$1,1,2018-12-12 09:10:59.449951,,,,,,,,,,,,,,,,,1.1,79,0.0,2746,0,0
$1,1,2018-12-12 09:13:32.029317,,,,,,,,,,,,,,,,,1.1,79,0.0,2746,0,0
$1,1,2018-12-12 09:16:04.504517,,,,,,,,,,,,,,,,,1.0,79,0.0,2746,0,0
$1,1,2018-12-12 09:21:09.502584,,,,,,,,,,,,,,,,,1.0,79,0.0,2746,0,0
$1,1,2018-12-12 09:23:41.999572,,,,,,,,,,,,,,,,,1.0,79,0.0,2746,0,0
$1,1,2018-12-12 09:26:14.546232,,,,,,,,,,,,,,,,,1.0,79,0.0,2746,0,0
$1,1,2018-12-12 09:28:47.039635,,,,,,,,,,,,,,,,,0.9,79,0.0,2746,0,0
$1,1,2018-12-12 09:31:19.531523,,,,,,,,,,,,,,,,,1.0,79,0.0,2746,0,0
$1,1,2018-12-12 09:33:52.043913,,,,,,,,,,,,,,,,,1.0,79,0.0,2746,0,0
$1,1,2018-12-12 09:36:24.598496,,,,,,,,,,,,,,,,,1.1,79,0.0,2746,0,0
$1,1,2018-12-12 09:38:57.072467,,,,,,,,,,,,,,,,,1.1,79,0.0,2746,0,0
$1,1,2018-12-12 09:41:29.611074,,,,,,,,,,,,,,,,,1.1,79,0.0,2746,0,0
$1,1,2018-12-12 09:44:02.148791,,,,,,,,,,,,,,,,,1.1,79,0.0,2746,0,0
$1,1,2018-12-12 09:46:34.624058,,,,,,,,,,,,,,,,,1.2,79,0.0,2746,0,0
$1,1,2018-12-12 09:54:12.143319,,,,,,,,,,,,,,,,,1.3,79,0.0,2746,0,0
$1,1,2018-12-12 10:01:49.678393,,,,,,,,,,,,,,,,,1.3,79,0.0,2746,0,0
$1,1,2018-12-12 10:04:22.225178,,,,,,,,,,,,,,,,,1.3,79,0.0,2746,0,0
$1,1,2018-12-12 10:06:54.775563,,,,,,,,,,,,,,,,,1.2,79,0.0,2746,0,0
$1,1,2018-12-12 10:09:27.220018,,,,,,,,,,,,,,,,,1.2,79,0.0,2746,0,0
$1,1,2018-12-12 10:11:59.742485,,,,,,,,,,,,,,,,,1.2,79,0.0,2746,0,0
$1,1,2018-12-12 10:14:32.283567,,,,,,,,,,,,,,,,,1.2,79,0.0,2746,0,0
$1,1,2018-12-12 10:17:04.741228,,,,,,,,,,,,,,,,,1.2,79,0.0,2746,0,0
$1,1,2018-12-12 10:19:37.251807,,,,,,,,,,,,,,,,,1.3,79,0.0,2746,0,0
$1,1,2018-12-12 10:22:09.771977,,,,,,,,,,,,,,,,,1.3,79,0.0,2746,0,0
$1,1,2018-12-12 10:24:42.293920,,,,,,,,,,,,,,,,,1.4,79,0.0,2746,0,0
$1,1,2018-12-12 10:27:14.807586,,,,,,,,,,,,,,,,,1.4,79,0.0,2746,0,0
$1,1,2018-12-12 10:29:47.289695,,,,,,,,,,,,,,,,,1.4,79,0.0,2746,0,0
$1,1,2018-12-12 10:32:19.805527,,,,,,,,,,,,,,,,,1.3,79,0.0,2746,0,0
$1,1,2018-12-12 10:34:52.306138,,,,,,,,,,,,,,,,,1.3,79,0.0,2746,0,0
$1,1,2018-12-12 10:37:24.821924,,,,,,,,,,,,,,,,,1.3,79,0.0,2746,0,0
$1,1,2018-12-12 10:42:29.890744,,,,,,,,,,,,,,,,,1.3,79,0.0,2746,0,0
$1,1,2018-12-12 10:45:02.361814,,,,,,,,,,,,,,,,,1.2,79,0.0,2746,0,0
$1,1,2018-12-12 10:47:34.861018,,,,,,,,,,,,,,,,,1.2,79,0.0,2746,0,0
$1,1,2018-12-12 10:50:07.363497,,,,,,,,,,,,,,,,,1.3,79,0.0,2746,0,0
$1,1,2018-12-12 10:52:39.895747,,,,,,,,,,,,,,,,,1.4,79,0.0,2746,0,0
$1,1,2018-12-12 10:55:12.420231,,,,,,,,,,,,,,,,,1.5,79,0.0,2746,0,0
$1,1,2018-12-12 10:57:44.911990,,,,,,,,,,,,,,,,,1.5,79,0.0,2746,0,0
$1,1,2018-12-12 11:00:17.425589,,,,,,,,,,,,,,,,,1.7,78,0.0,2746,0,0
$1,1,2018-12-12 11:02:49.926363,,,,,,,,,,,,,,,,,1.7,78,0.0,2746,0,0
$1,1,2018-12-12 11:05:22.451046,,,,,,,,,,,,,,,,,1.7,78,0.0,2746,0,0
$1,1,2018-12-12 11:07:54.975359,,,,,,,,,,,,,,,,,1.7,78,0.0,2746,0,0
$1,1,2018-12-12 11:10:27.463381,,,,,,,,,,,,,,,,,1.7,78,0.0,2746,0,0
$1,1,2018-12-12 11:12:59.979929,,,,,,,,,,,,,,,,,1.8,78,0.0,2746,0,0
$1,1,2018-12-12 11:15:32.468464,,,,,,,,,,,,,,,,,1.9,79,0.0,2746,0,0
$1,1,2018-12-12 11:18:05.036930,,,,,,,,,,,,,,,,,2.0,79,0.0,2746,0,0
$1,1,2018-12-12 11:23:10.025914,,,,,,,,,,,,,,,,,2.2,78,0.0,2746,0,0
$1,1,2018-12-12 11:25:42.539573,,,,,,,,,,,,,,,,,2.2,78,0.0,2746,0,0
$1,1,2018-12-12 11:28:15.072283,,,,,,,,,,,,,,,,,2.2,78,0.0,2746,0,0
$1,1,2018-12-12 11:30:47.620490,,,,,,,,,,,,,,,,,2.1,78,0.0,2746,0,0
$1,1,2018-12-12 11:33:20.044961,,,,,,,,,,,,,,,,,2.1,78,0.0,2746,0,0
$1,1,2018-12-12 11:35:52.570793,,,,,,,,,,,,,,,,,2.2,78,0.0,2746,0,0
$1,1,2018-12-12 11:38:25.105289,,,,,,,,,,,,,,,,,2.2,78,0.0,2746,0,0
$1,1,2018-12-12 11:40:57.608137,,,,,,,,,,,,,,,,,2.3,78,0.0,2746,0,0
$1,1,2018-12-12 11:43:30.164598,,,,,,,,,,,,,,,,,2.5,78,0.0,2746,0,0
$1,1,2018-12-12 11:46:02.601335,,,,,,,,,,,,,,,,,2.5,78,0.0,2746,0,0
$1,1,2018-12-12 11:48:35.152043,,,,,,,,,,,,,,,,,2.6,78,0.0,2746,0,0
$1,1,2018-12-12 11:51:07.645090,,,,,,,,,,,,,,,,,2.5,78,0.0,2746,0,0
$1,1,2018-12-12 11:53:40.136543,,,,,,,,,,,,,,,,,2.6,78,0.0,2746,0,0
$1,1,2018-12-12 11:56:12.710793,,,,,,,,,,,,,,,,,2.6,78,0.0,2746,0,0
$1,1,2018-12-12 11:58:45.170272,,,,,,,,,,,,,,,,,2.7,78,0.0,2746,0,0
$1,1,2018-12-12 12:03:50.251013,,,,,,,,,,,,,,,,,2.8,78,0.0,2746,0,0
$1,1,2018-12-12 12:06:22.709456,,,,,,,,,,,,,,,,,2.8,78,0.0,2746,0,0
$1,1,2018-12-12 12:08:55.198963,,,,,,,,,,,,,,,,,2.7,78,0.0,2746,0,0
$1,1,2018-12-12 12:11:27.756091,,,,,,,,,,,,,,,,,2.7,78,0.0,2746,0,0
$1,1,2018-12-12 12:14:00.235793,,,,,,,,,,,,,,,,,2.7,78,0.0,2746,0,0
$1,1,2018-12-12 12:16:32.733202,,,,,,,,,,,,,,,,,2.7,78,0.0,2746,0,0
$1,1,2018-12-12 12:19:05.232572,,,,,,,,,,,,,,,,,2.7,78,0.0,2746,0,0
$1,1,2018-12-12 12:21:37.801065,,,,,,,,,,,,,,,,,2.7,78,0.0,2746,0,0
$1,1,2018-12-12 12:24:10.333697,,,,,,,,,,,,,,,,,2.8,78,0.0,2746,0,0
$1,1,2018-12-12 12:26:42.793093,,,,,,,,,,,,,,,,,2.8,78,0.0,2746,0,0
$1,1,2018-12-12 12:29:15.281628,,,,,,,,,,,,,,,,,2.8,78,0.0,2746,0,0
$1,1,2018-12-12 12:31:47.852505,,,,,,,,,,,,,,,,,2.9,78,0.0,2746,0,0
$1,1,2018-12-12 12:34:20.353142,,,,,,,,,,,,,,,,,2.9,78,0.0,2746,0,0
$1,1,2018-12-12 12:36:52.891869,,,,,,,,,,,,,,,,,2.9,78,0.0,2746,0,0
$1,1,2018-12-12 12:39:25.410678,,,,,,,,,,,,,,,,,2.9,78,0.0,2746,0,0
$1,1,2018-12-12 12:44:30.348638,,,,,,,,,,,,,,,,,2.9,78,0.0,2746,0,0
$1,1,2018-12-12 12:47:02.863738,,,,,,,,,,,,,,,,,2.9,78,0.0,2746,0,0
$1,1,2018-12-12 12:49:35.380237,,,,,,,,,,,,,,,,,2.9,78,0.0,2746,0,0
$1,1,2018-12-12 12:52:07.881307,,,,,,,,,,,,,,,,,3.0,78,0.0,2746,0,0
$1,1,2018-12-12 12:54:40.374260,,,,,,,,,,,,,,,,,3.0,78,0.0,2746,0,0
$1,1,2018-12-12 12:57:12.893231,,,,,,,,,,,,,,,,,3.0,78,0.0,2746,0,0
$1,1,2018-12-12 12:59:45.411255,,,,,,,,,,,,,,,,,2.9,78,0.0,2746,0,0
$1,1,2018-12-12 13:02:17.988776,,,,,,,,,,,,,,,,,3.0,78,0.0,2746,0,0
$1,1,2018-12-12 13:04:50.433168,,,,,,,,,,,,,,,,,3.0,78,0.0,2746,0,0
$1,1,2018-12-12 13:07:22.975788,,,,,,,,,,,,,,,,,3.0,78,0.0,2746,0,0
$1,1,2018-12-12 13:09:55.435096,,,,,,,,,,,,,,,,,3.0,78,0.0,2746,0,0
$1,1,2018-12-12 13:12:27.993524,,,,,,,,,,,,,,,,,3.0,78,0.0,2746,0,0
$1,1,2018-12-12 13:15:00.550373,,,,,,,,,,,,,,,,,3.0,78,0.0,2746,0,0
$1,1,2018-12-12 13:17:32.991634,,,,,,,,,,,,,,,,,3.1,78,0.0,2746,0,0
$1,1,2018-12-12 13:20:05.474210,,,,,,,,,,,,,,,,,2.9,78,0.0,2746,0,0
$1,1,2018-12-12 13:25:10.517231,,,,,,,,,,,,,,,,,2.9,78,0.0,2746,0,0
$1,1,2018-12-12 13:27:43.019496,,,,,,,,,,,,,,,,,2.8,78,0.0,2746,0,0
$1,1,2018-12-12 13:30:15.548046,,,,,,,,,,,,,,,,,2.7,78,0.0,2746,0,0
$1,1,2018-12-12 13:32:48.086868,,,,,,,,,,,,,,,,,2.7,78,0.0,2746,0,0
$1,1,2018-12-12 13:35:20.584563,,,,,,,,,,,,,,,,,2.7,78,0.0,2746,0,0
$1,1,2018-12-12 13:37:53.060822,,,,,,,,,,,,,,,,,2.7,78,0.0,2746,0,0
$1,1,2018-12-12 13:40:25.564974,,,,,,,,,,,,,,,,,2.8,78,0.0,2746,0,0
$1,1,2018-12-12 13:42:58.119341,,,,,,,,,,,,,,,,,2.9,78,0.0,2746,0,0
$1,1,2018-12-12 13:45:30.616175,,,,,,,,,,,,,,,,,2.9,78,0.0,2746,0,0
$1,1,2018-12-12 13:48:03.147426,,,,,,,,,,,,,,,,,3.1,78,0.0,2746,0,0
$1,1,2018-12-12 13:50:35.595371,,,,,,,,,,,,,,,,,3.1,78,0.0,2746,0,0
$1,1,2018-12-12 13:53:08.144340,,,,,,,,,,,,,,,,,3.2,78,0.0,2746,0,0
$1,1,2018-12-12 13:55:40.631444,,,,,,,,,,,,,,,,,3.2,78,0.0,2746,0,0
$1,1,2018-12-12 13:58:13.187482,,,,,,,,,,,,,,,,,3.1,78,0.0,2746,0,0
$1,1,2018-12-12 14:00:45.679304,,,,,,,,,,,,,,,,,3.1,78,0.0,2746,0,0
$1,1,2018-12-12 14:05:50.658739,,,,,,,,,,,,,,,,,3.5,77,0.0,2746,0,0
$1,1,2018-12-12 14:08:23.204319,,,,,,,,,,,,,,,,,3.5,77,0.0,2746,0,0
$1,1,2018-12-12 14:10:55.719279,,,,,,,,,,,,,,,,,3.6,77,0.0,2746,0,0
$1,1,2018-12-12 14:13:28.241269,,,,,,,,,,,,,,,,,3.7,77,0.0,2746,0,0
$1,1,2018-12-12 14:16:00.714031,,,,,,,,,,,,,,,,,3.7,76,0.0,2746,0,0
$1,1,2018-12-12 14:18:33.215194,,,,,,,,,,,,,,,,,3.8,76,0.0,2746,0,0
$1,1,2018-12-12 14:21:05.747080,,,,,,,,,,,,,,,,,3.7,76,0.0,2746,0,0
$1,1,2018-12-12 14:23:38.284323,,,,,,,,,,,,,,,,,3.7,76,0.0,2746,0,0
$1,1,2018-12-12 14:26:10.741422,,,,,,,,,,,,,,,,,3.7,76,0.0,2746,0,0
$1,1,2018-12-12 14:28:43.275029,,,,,,,,,,,,,,,,,3.7,76,0.0,2746,0,0
$1,1,2018-12-12 14:31:15.828774,,,,,,,,,,,,,,,,,3.6,76,0.0,2746,0,0
$1,1,2018-12-12 14:33:48.271926,,,,,,,,,,,,,,,,,3.6,76,0.0,2746,0,0
$1,1,2018-12-12 14:36:20.839677,,,,,,,,,,,,,,,,,3.7,76,0.0,2746,0,0
$1,1,2018-12-12 14:38:53.318350,,,,,,,,,,,,,,,,,3.7,76,0.0,2746,0,0
$1,1,2018-12-12 14:41:25.909245,,,,,,,,,,,,,,,,,3.7,76,0.0,2746,0,0
$1,1,2018-12-12 14:46:30.855710,,,,,,,,,,,,,,,,,3.7,76,0.0,2746,0,0
$1,1,2018-12-12 14:49:03.358659,,,,,,,,,,,,,,,,,3.7,76,0.0,2746,0,0
$1,1,2018-12-12 14:51:35.893056,,,,,,,,,,,,,,,,,3.7,76,0.0,2746,0,0
$1,1,2018-12-12 14:54:08.372442,,,,,,,,,,,,,,,,,3.7,76,0.0,2746,0,0
$1,1,2018-12-12 14:56:40.933574,,,,,,,,,,,,,,,,,3.7,76,0.0,2746,0,0
$1,1,2018-12-12 14:59:13.389814,,,,,,,,,,,,,,,,,3.8,76,0.0,2746,0,0
$1,1,2018-12-12 15:01:45.947062,,,,,,,,,,,,,,,,,3.8,76,0.0,2746,0,0
$1,1,2018-12-12 15:04:18.403744,,,,,,,,,,,,,,,,,3.7,76,0.0,2746,0,0
$1,1,2018-12-12 15:06:50.963023,,,,,,,,,,,,,,,,,3.7,76,0.0,2746,0,0
$1,1,2018-12-12 15:09:23.417320,,,,,,,,,,,,,,,,,3.7,76,0.0,2746,0,0
$1,1,2018-12-12 15:11:55.973201,,,,,,,,,,,,,,,,,3.7,76,0.0,2746,0,0
$1,1,2018-12-12 15:14:28.442297,,,,,,,,,,,,,,,,,3.7,76,0.0,2746,0,0
$1,1,2018-12-12 15:17:00.963671,,,,,,,,,,,,,,,,,3.7,76,0.0,2746,0,0
$1,1,2018-12-12 15:19:33.502990,,,,,,,,,,,,,,,,,3.7,76,0.0,2746,0,0
$1,1,2018-12-12 15:22:05.991607,,,,,,,,,,,,,,,,,3.6,76,0.0,2746,0,0
$1,1,2018-12-12 15:27:11.071907,,,,,,,,,,,,,,,,,3.6,76,0.0,2746,0,0
$1,1,2018-12-12 15:29:43.594722,,,,,,,,,,,,,,,,,3.6,76,0.0,2746,0,0
$1,1,2018-12-12 15:32:16.003503,,,,,,,,,,,,,,,,,3.6,76,0.0,2746,0,0
$1,1,2018-12-12 15:34:48.528004,,,,,,,,,,,,,,,,,3.5,76,0.0,2746,0,0
$1,1,2018-12-12 15:37:21.045672,,,,,,,,,,,,,,,,,3.5,76,0.0,2746,0,0
$1,1,2018-12-12 15:39:53.571512,,,,,,,,,,,,,,,,,3.5,76,0.0,2746,0,0
$1,1,2018-12-12 15:42:26.058584,,,,,,,,,,,,,,,,,3.6,76,0.0,2746,0,0
$1,1,2018-12-12 15:44:58.553263,,,,,,,,,,,,,,,,,3.5,76,0.0,2746,0,0
$1,1,2018-12-12 15:47:31.083267,,,,,,,,,,,,,,,,,3.5,76,0.0,2746,0,0
$1,1,2018-12-12 15:50:03.590966,,,,,,,,,,,,,,,,,3.5,76,0.0,2746,0,0
$1,1,2018-12-12 15:52:36.100252,,,,,,,,,,,,,,,,,3.5,76,0.0,2746,0,0
$1,1,2018-12-12 15:55:08.596357,,,,,,,,,,,,,,,,,3.5,77,0.0,2746,0,0
$1,1,2018-12-12 15:57:41.117219,,,,,,,,,,,,,,,,,3.4,77,0.0,2746,0,0
$1,1,2018-12-12 16:00:13.630277,,,,,,,,,,,,,,,,,3.4,77,0.0,2746,0,0
$1,1,2018-12-12 16:02:46.192039,,,,,,,,,,,,,,,,,3.4,77,0.0,2746,0,0
$1,1,2018-12-12 16:07:51.154160,,,,,,,,,,,,,,,,,3.3,77,0.0,2746,0,0
$1,1,2018-12-12 16:10:23.698764,,,,,,,,,,,,,,,,,3.3,77,0.0,2746,0,0
$1,1,2018-12-12 16:12:56.177135,,,,,,,,,,,,,,,,,3.3,77,0.0,2746,0,0
$1,1,2018-12-12 16:15:28.684017,,,,,,,,,,,,,,,,,3.3,77,0.0,2746,0,0
$1,1,2018-12-12 16:18:01.241880,,,,,,,,,,,,,,,,,3.2,78,0.0,2746,0,0
$1,1,2018-12-12 16:20:33.709938,,,,,,,,,,,,,,,,,3.2,78,0.0,2746,0,0
$1,1,2018-12-12 16:23:06.290447,,,,,,,,,,,,,,,,,3.1,78,0.0,2746,0,0
$1,1,2018-12-12 16:25:38.727452,,,,,,,,,,,,,,,,,3.1,78,0.0,2746,0,0
$1,1,2018-12-12 16:28:11.266976,,,,,,,,,,,,,,,,,3.1,78,0.0,2746,0,0
$1,1,2018-12-12 16:30:43.738085,,,,,,,,,,,,,,,,,3.1,78,0.0,2746,0,0
$1,1,2018-12-12 16:33:16.277179,,,,,,,,,,,,,,,,,3.1,78,0.0,2746,0,0
$1,1,2018-12-12 16:35:48.767535,,,,,,,,,,,,,,,,,3.1,78,0.0,2746,0,0
$1,1,2018-12-12 16:38:21.269575,,,,,,,,,,,,,,,,,3.0,78,0.0,2746,0,0
$1,1,2018-12-12 16:40:53.855089,,,,,,,,,,,,,,,,,3.0,78,0.0,2746,0,0
$1,1,2018-12-12 16:43:26.288202,,,,,,,,,,,,,,,,,3.1,78,0.0,2746,0,0
$1,1,2018-12-12 16:48:31.315926,,,,,,,,,,,,,,,,,3.0,78,0.0,2746,0,0
$1,1,2018-12-12 16:51:03.861153,,,,,,,,,,,,,,,,,3.0,78,0.0,2746,0,0
$1,1,2018-12-12 16:53:36.347110,,,,,,,,,,,,,,,,,3.0,78,0.0,2746,0,0
$1,1,2018-12-12 16:56:08.863510,,,,,,,,,,,,,,,,,3.0,78,0.0,2746,0,0
$1,1,2018-12-12 16:58:41.441001,,,,,,,,,,,,,,,,,3.0,78,0.0,2746,0,0
$1,1,2018-12-12 17:01:13.894513,,,,,,,,,,,,,,,,,2.9,78,0.0,2746,0,0
$1,1,2018-12-12 17:03:46.457121,,,,,,,,,,,,,,,,,2.9,78,0.0,2746,0,0
$1,1,2018-12-12 17:06:18.945907,,,,,,,,,,,,,,,,,2.9,78,0.0,2746,0,0
$1,1,2018-12-12 17:08:51.398660,,,,,,,,,,,,,,,,,2.9,78,0.0,2746,0,0
$1,1,2018-12-12 17:11:23.948905,,,,,,,,,,,,,,,,,2.8,78,0.0,2746,0,0
$1,1,2018-12-12 17:13:56.425080,,,,,,,,,,,,,,,,,2.8,78,0.0,2746,0,0
$1,1,2018-12-12 17:16:28.940663,,,,,,,,,,,,,,,,,2.8,78,0.0,2746,0,0
$1,1,2018-12-12 17:19:01.438899,,,,,,,,,,,,,,,,,2.8,78,0.0,2746,0,0
$1,1,2018-12-12 17:21:33.943123,,,,,,,,,,,,,,,,,2.8,78,0.0,2746,0,0
$1,1,2018-12-12 17:24:06.537056,,,,,,,,,,,,,,,,,2.8,78,0.0,2746,0,0
$1,1,2018-12-12 17:29:11.478890,,,,,,,,,,,,,,,,,2.8,78,0.0,2746,0,0
$1,1,2018-12-12 17:31:43.989676,,,,,,,,,,,,,,,,,2.8,78,0.0,2746,0,0
$1,1,2018-12-12 17:34:16.529628,,,,,,,,,,,,,,,,,2.8,78,0.0,2746,0,0
$1,1,2018-12-12 17:36:49.005650,,,,,,,,,,,,,,,,,2.7,78,0.0,2746,0,0
$1,1,2018-12-12 17:39:21.556959,,,,,,,,,,,,,,,,,2.7,78,0.0,2746,0,0
$1,1,2018-12-12 17:41:54.081295,,,,,,,,,,,,,,,,,2.7,78,0.0,2746,0,0
$1,1,2018-12-12 17:44:26.579949,,,,,,,,,,,,,,,,,2.7,78,0.0,2746,0,0
$1,1,2018-12-12 17:46:59.055154,,,,,,,,,,,,,,,,,2.7,78,0.0,2746,0,0
$1,1,2018-12-12 17:49:31.573811,,,,,,,,,,,,,,,,,2.7,78,0.0,2746,0,0
$1,1,2018-12-12 17:52:04.077889,,,,,,,,,,,,,,,,,2.7,78,0.0,2746,0,0
$1,1,2018-12-12 17:54:36.605115,,,,,,,,,,,,,,,,,2.7,78,0.0,2746,0,0
$1,1,2018-12-12 17:57:09.102135,,,,,,,,,,,,,,,,,2.7,78,0.0,2746,0,0
$1,1,2018-12-12 17:59:41.608989,,,,,,,,,,,,,,,,,2.7,78,0.0,2746,0,0
$1,1,2018-12-12 18:02:14.120348,,,,,,,,,,,,,,,,,2.7,78,0.0,2746,0,0
$1,1,2018-12-12 18:04:46.632151,,,,,,,,,,,,,,,,,2.7,78,0.0,2746,0,0
$1,1,2018-12-12 18:09:51.694088,,,,,,,,,,,,,,,,,2.7,78,0.0,2746,0,0
$1,1,2018-12-12 18:12:24.153606,,,,,,,,,,,,,,,,,2.7,78,0.0,2746,0,0
$1,1,2018-12-12 18:14:56.707369,,,,,,,,,,,,,,,,,2.7,78,0.0,2746,0,0
$1,1,2018-12-12 18:17:29.184853,,,,,,,,,,,,,,,,,2.7,78,0.0,2746,0,0
$1,1,2018-12-12 18:20:01.689916,,,,,,,,,,,,,,,,,2.7,78,0.0,2746,0,0
$1,1,2018-12-12 18:22:34.220218,,,,,,,,,,,,,,,,,2.7,78,0.0,2746,0,0
$1,1,2018-12-12 18:25:06.711761,,,,,,,,,,,,,,,,,2.7,78,0.0,2746,0,0
$1,1,2018-12-12 18:27:39.270424,,,,,,,,,,,,,,,,,2.7,78,0.0,2746,0,0
$1,1,2018-12-12 18:30:11.731083,,,,,,,,,,,,,,,,,2.7,78,0.0,2746,0,0
$1,1,2018-12-12 18:32:44.306625,,,,,,,,,,,,,,,,,2.7,78,0.0,2746,0,0
$1,1,2018-12-12 18:35:16.765023,,,,,,,,,,,,,,,,,2.7,78,0.0,2746,0,0
$1,1,2018-12-12 18:37:49.292463,,,,,,,,,,,,,,,,,2.7,78,0.0,2746,0,0
$1,1,2018-12-12 18:40:21.826000,,,,,,,,,,,,,,,,,2.7,78,0.0,2746,0,0
$1,1,2018-12-12 18:42:54.328274,,,,,,,,,,,,,,,,,2.7,78,0.0,2746,0,0
$1,1,2018-12-12 18:45:26.872755,,,,,,,,,,,,,,,,,2.7,78,0.0,2746,0,0
$1,1,2018-12-12 18:50:31.866349,,,,,,,,,,,,,,,,,2.8,78,0.0,2746,0,0
$1,1,2018-12-12 18:53:04.384065,,,,,,,,,,,,,,,,,2.8,78,0.0,2746,0,0
$1,1,2018-12-12 18:55:36.861906,,,,,,,,,,,,,,,,,2.7,78,0.0,2746,0,0
$1,1,2018-12-12 18:58:09.340075,,,,,,,,,,,,,,,,,2.7,78,0.0,2746,0,0
$1,1,2018-12-12 19:00:41.868063,,,,,,,,,,,,,,,,,2.7,78,0.0,2746,0,0
$1,1,2018-12-12 19:03:14.411795,,,,,,,,,,,,,,,,,2.7,78,0.0,2746,0,0
$1,1,2018-12-12 19:05:46.896093,,,,,,,,,,,,,,,,,2.7,78,0.0,2746,0,0
$1,1,2018-12-12 19:08:19.421725,,,,,,,,,,,,,,,,,2.7,78,0.0,2746,0,0
$1,1,2018-12-12 19:10:51.958829,,,,,,,,,,,,,,,,,2.8,78,0.0,2746,0,0
$1,1,2018-12-12 19:13:24.416442,,,,,,,,,,,,,,,,,2.8,78,0.0,2746,0,0
$1,1,2018-12-12 19:15:56.906413,,,,,,,,,,,,,,,,,2.8,78,0.0,2746,0,0
$1,1,2018-12-12 19:18:29.443762,,,,,,,,,,,,,,,,,2.8,78,0.0,2746,0,0
$1,1,2018-12-12 19:21:01.933781,,,,,,,,,,,,,,,,,2.7,78,0.0,2746,0,0
$1,1,2018-12-12 19:23:34.443612,,,,,,,,,,,,,,,,,2.7,78,0.0,2746,0,0
$1,1,2018-12-12 19:26:06.947774,,,,,,,,,,,,,,,,,2.7,78,0.0,2746,0,0
$1,1,2018-12-12 19:31:12.005744,,,,,,,,,,,,,,,,,2.7,78,0.0,2746,0,0
$1,1,2018-12-12 19:33:44.521882,,,,,,,,,,,,,,,,,2.7,78,0.0,2746,0,0
$1,1,2018-12-12 19:36:17.003983,,,,,,,,,,,,,,,,,2.7,78,0.0,2746,0,0
$1,1,2018-12-12 19:38:49.517936,,,,,,,,,,,,,,,,,2.7,78,0.0,2746,0,0
$1,1,2018-12-12 19:41:22.010233,,,,,,,,,,,,,,,,,2.7,78,0.0,2746,0,0
$1,1,2018-12-12 19:43:54.519684,,,,,,,,,,,,,,,,,2.7,78,0.0,2746,0,0
$1,1,2018-12-12 19:46:27.049124,,,,,,,,,,,,,,,,,2.7,78,0.0,2746,0,0
$1,1,2018-12-12 19:48:59.573258,,,,,,,,,,,,,,,,,2.7,78,0.0,2746,0,0
$1,1,2018-12-12 19:51:32.071386,,,,,,,,,,,,,,,,,2.6,78,0.0,2746,0,0
$1,1,2018-12-12 19:54:04.604037,,,,,,,,,,,,,,,,,2.6,78,0.0,2746,0,0
$1,1,2018-12-12 19:56:37.076888,,,,,,,,,,,,,,,,,2.6,78,0.0,2746,0,0
$1,1,2018-12-12 19:59:09.636140,,,,,,,,,,,,,,,,,2.5,78,0.0,2746,0,0
$1,1,2018-12-12 20:01:42.133563,,,,,,,,,,,,,,,,,2.5,78,0.0,2746,0,0
$1,1,2018-12-12 20:04:14.661287,,,,,,,,,,,,,,,,,2.5,78,0.0,2746,0,0
$1,1,2018-12-12 20:06:47.171728,,,,,,,,,,,,,,,,,2.5,78,0.0,2746,0,0
$1,1,2018-12-12 20:11:52.184313,,,,,,,,,,,,,,,,,2.4,78,0.0,2746,0,0
$1,1,2018-12-12 20:14:24.752391,,,,,,,,,,,,,,,,,2.4,78,0.0,2746,0,0
$1,1,2018-12-12 20:16:57.203431,,,,,,,,,,,,,,,,,2.3,78,0.0,2746,0,0
$1,1,2018-12-12 20:19:29.678735,,,,,,,,,,,,,,,,,2.3,78,0.0,2746,0,0
$1,1,2018-12-12 20:22:02.264572,,,,,,,,,,,,,,,,,2.3,79,0.0,2746,0,0
$1,1,2018-12-12 20:24:34.708833,,,,,,,,,,,,,,,,,2.3,79,0.0,2746,0,0
$1,1,2018-12-12 20:27:07.266562,,,,,,,,,,,,,,,,,2.2,79,0.0,2746,0,0
$1,1,2018-12-12 20:29:39.732275,,,,,,,,,,,,,,,,,2.2,79,0.0,2746,0,0
$1,1,2018-12-12 20:32:12.242266,,,,,,,,,,,,,,,,,2.3,79,0.0,2746,0,0
$1,1,2018-12-12 20:34:44.770870,,,,,,,,,,,,,,,,,2.3,79,0.0,2746,0,0
$1,1,2018-12-12 20:37:17.276075,,,,,,,,,,,,,,,,,2.3,78,0.0,2746,0,0
$1,1,2018-12-12 20:39:49.802115,,,,,,,,,,,,,,,,,2.3,78,0.0,2746,0,0
$1,1,2018-12-12 20:42:22.281971,,,,,,,,,,,,,,,,,2.4,78,0.0,2746,0,0
$1,1,2018-12-12 20:44:54.821858,,,,,,,,,,,,,,,,,2.4,78,0.0,2746,0,0
$1,1,2018-12-12 20:47:27.299053,,,,,,,,,,,,,,,,,2.4,78,0.0,2746,0,0
$1,1,2018-12-12 20:52:32.355737,,,,,,,,,,,,,,,,,2.4,78,0.0,2746,0,0
$1,1,2018-12-12 20:55:04.859019,,,,,,,,,,,,,,,,,2.4,78,0.0,2746,0,0
$1,1,2018-12-12 20:57:37.339388,,,,,,,,,,,,,,,,,2.4,78,0.0,2746,0,0
$1,1,2018-12-12 21:00:09.891512,,,,,,,,,,,,,,,,,2.4,78,0.0,2746,0,0
$1,1,2018-12-12 21:02:42.363637,,,,,,,,,,,,,,,,,2.4,78,0.0,2746,0,0
$1,1,2018-12-12 21:05:14.861581,,,,,,,,,,,,,,,,,2.4,78,0.0,2746,0,0
$1,1,2018-12-12 21:07:47.412623,,,,,,,,,,,,,,,,,2.4,78,0.0,2746,0,0
$1,1,2018-12-12 21:10:19.938442,,,,,,,,,,,,,,,,,2.3,78,0.0,2746,0,0
$1,1,2018-12-12 21:12:52.413177,,,,,,,,,,,,,,,,,2.4,78,0.0,2746,0,0
$1,1,2018-12-12 21:15:24.953575,,,,,,,,,,,,,,,,,2.3,78,0.0,2746,0,0
$1,1,2018-12-12 21:17:57.482156,,,,,,,,,,,,,,,,,2.3,78,0.0,2746,0,0
$1,1,2018-12-12 21:20:29.942467,,,,,,,,,,,,,,,,,2.3,78,0.0,2746,0,0
$1,1,2018-12-12 21:23:02.463156,,,,,,,,,,,,,,,,,2.3,78,0.0,2746,0,0
$1,1,2018-12-12 21:25:34.943587,,,,,,,,,,,,,,,,,2.3,78,0.0,2746,0,0
$1,1,2018-12-12 21:28:07.475794,,,,,,,,,,,,,,,,,2.3,78,0.0,2746,0,0
$1,1,2018-12-12 21:33:12.492733,,,,,,,,,,,,,,,,,2.3,78,0.0,2746,0,0
$1,1,2018-12-12 21:35:45.006176,,,,,,,,,,,,,,,,,2.3,78,0.0,2746,0,0
$1,1,2018-12-12 21:38:17.543920,,,,,,,,,,,,,,,,,2.3,78,0.0,2746,0,0
$1,1,2018-12-12 21:40:50.099942,,,,,,,,,,,,,,,,,2.3,78,0.0,2746,0,0
$1,1,2018-12-12 21:43:22.550565,,,,,,,,,,,,,,,,,2.2,78,0.0,2746,0,0
$1,1,2018-12-12 21:45:55.077778,,,,,,,,,,,,,,,,,2.1,78,0.0,2746,0,0
$1,1,2018-12-12 21:48:27.568178,,,,,,,,,,,,,,,,,2.1,78,0.0,2746,0,0
$1,1,2018-12-12 21:51:00.048022,,,,,,,,,,,,,,,,,2.0,79,0.0,2746,0,0
$1,1,2018-12-12 21:53:32.561847,,,,,,,,,,,,,,,,,1.9,79,0.0,2746,0,0
$1,1,2018-12-12 21:56:05.084017,,,,,,,,,,,,,,,,,1.8,78,0.0,2746,0,0
$1,1,2018-12-12 21:58:37.614418,,,,,,,,,,,,,,,,,1.7,78,0.0,2746,0,0
$1,1,2018-12-12 22:01:10.123368,,,,,,,,,,,,,,,,,1.7,78,0.0,2746,0,0
$1,1,2018-12-12 22:03:42.611327,,,,,,,,,,,,,,,,,1.7,79,0.0,2746,0,0
$1,1,2018-12-12 22:06:15.119907,,,,,,,,,,,,,,,,,1.8,79,0.0,2746,0,0
$1,1,2018-12-12 22:08:47.648181,,,,,,,,,,,,,,,,,1.8,78,0.0,2746,0,0
$1,1,2018-12-12 22:13:52.649148,,,,,,,,,,,,,,,,,1.9,79,0.0,2746,0,0
$1,1,2018-12-12 22:16:25.224567,,,,,,,,,,,,,,,,,1.9,79,0.0,2746,0,0
$1,1,2018-12-12 22:18:57.667664,,,,,,,,,,,,,,,,,1.9,79,0.0,2746,0,0
$1,1,2018-12-12 22:21:30.194720,,,,,,,,,,,,,,,,,1.9,79,0.0,2746,0,0
$1,1,2018-12-12 22:24:02.757652,,,,,,,,,,,,,,,,,1.9,79,0.0,2746,0,0
$1,1,2018-12-12 22:26:35.221350,,,,,,,,,,,,,,,,,1.8,78,0.0,2746,0,0
$1,1,2018-12-12 22:29:07.733137,,,,,,,,,,,,,,,,,1.8,78,0.0,2746,0,0
$1,1,2018-12-12 22:31:40.239121,,,,,,,,,,,,,,,,,1.7,78,0.0,2746,0,0
$1,1,2018-12-12 22:34:12.734787,,,,,,,,,,,,,,,,,1.6,78,0.0,2746,0,0
$1,1,2018-12-12 22:36:45.249543,,,,,,,,,,,,,,,,,1.5,79,0.0,2746,0,0
$1,1,2018-12-12 22:39:17.769844,,,,,,,,,,,,,,,,,1.3,79,0.0,2746,0,0
$1,1,2018-12-12 22:41:50.264571,,,,,,,,,,,,,,,,,1.2,79,0.0,2746,0,0
$1,1,2018-12-12 22:44:22.812887,,,,,,,,,,,,,,,,,1.1,79,0.0,2746,0,0
$1,1,2018-12-12 22:46:55.327777,,,,,,,,,,,,,,,,,1.1,79,0.0,2746,0,0
$1,1,2018-12-12 22:49:27.843423,,,,,,,,,,,,,,,,,1.1,79,0.0,2746,0,0
$1,1,2018-12-12 22:54:32.833759,,,,,,,,,,,,,,,,,1.0,79,0.0,2746,0,0
$1,1,2018-12-12 22:57:05.323918,,,,,,,,,,,,,,,,,0.9,79,0.0,2746,0,0
$1,1,2018-12-12 22:59:37.893346,,,,,,,,,,,,,,,,,0.9,79,0.0,2746,0,0
$1,1,2018-12-12 23:02:10.361862,,,,,,,,,,,,,,,,,0.9,79,0.0,2746,0,0
$1,1,2018-12-12 23:04:42.936107,,,,,,,,,,,,,,,,,0.9,79,0.0,2746,0,0
$1,1,2018-12-12 23:07:15.409889,,,,,,,,,,,,,,,,,0.9,79,0.0,2746,0,0
$1,1,2018-12-12 23:09:47.931840,,,,,,,,,,,,,,,,,0.8,79,0.0,2746,0,0
$1,1,2018-12-12 23:12:20.428182,,,,,,,,,,,,,,,,,0.8,79,0.0,2746,0,0
$1,1,2018-12-12 23:14:52.953903,,,,,,,,,,,,,,,,,0.8,79,0.0,2746,0,0
$1,1,2018-12-12 23:17:25.431179,,,,,,,,,,,,,,,,,0.7,79,0.0,2746,0,0
$1,1,2018-12-12 23:19:57.924437,,,,,,,,,,,,,,,,,0.7,79,0.0,2746,0,0
$1,1,2018-12-12 23:22:30.503871,,,,,,,,,,,,,,,,,0.7,79,0.0,2746,0,0
$1,1,2018-12-12 23:25:03.021865,,,,,,,,,,,,,,,,,0.6,79,0.0,2746,0,0
$1,1,2018-12-12 23:27:35.477463,,,,,,,,,,,,,,,,,0.5,79,0.0,2746,0,0
